{
  "train_loss": [
    0.0002494653088498658,
    0.0001496813511504408,
    0.00012896323282640004,
    0.0001167241421892458,
    0.00010945370645289343,
    0.00010305355136572547,
    9.70331706155814e-05,
    9.292013721206885e-05,
    8.941042631490556e-05,
    8.822643522743252e-05
  ],
  "val_loss": [
    0,
    0,
    0,
    0,
    0,
    0,
    0,
    0,
    0,
    0
  ],
  "lr": [
    9.75772975566103e-05,
    9.054634122155997e-05,
    7.959536998847741e-05,
    6.579634122155983e-05,
    5.0500000000000076e-05,
    3.52036587784401e-05,
    2.1404630011522457e-05,
    1.045365877843997e-05,
    3.42270244338994e-06,
    1e-06
  ]
}